{
  "backend": "openai",
  "use_embedding": true,
  "repeat": 3,
  "threshold": 0.25,
  "overall": {
    "n_trials": 21,
    "diversity": {
      "mean": 0.41727451057661147,
      "p50": 0.41377729177474976,
      "p95": 0.5465404689311981,
      "min": 0.30031551917394,
      "max": 0.5920729537804922,
      "n": 21
    },
    "diversity_pass_rate": 1.0,
    "distinct_type_rate": 1.0,
    "method": "embedding",
    "latency": {
      "t_select": {
        "mean": 0.5317516884256509,
        "p50": 0.04842791706323624,
        "p95": 0.06931970780715346,
        "min": 0.03609366691671312,
        "max": 10.154990833019838,
        "n": 21
      },
      "t_generate": {
        "mean": 12.34360656349565,
        "p50": 9.802550124935806,
        "p95": 20.006457708077505,
        "min": 1.61495375004597,
        "max": 29.39142775000073,
        "n": 21
      },
      "t_total": {
        "mean": 12.8753582519213,
        "p50": 15.952007833169773,
        "p95": 20.07376866717823,
        "min": 1.6751418330240995,
        "max": 29.43634633300826,
        "n": 21
      },
      "per_mentor": {
        "mean": 4.877915984160075,
        "p50": 5.005282250000164,
        "p95": 9.48152095770929,
        "min": 0.0,
        "max": 18.864674292039126,
        "n": 63
      }
    }
  },
  "per_scenario": {
    "1": {
      "n_trials": 3,
      "diversity": {
        "mean": 0.37727901008394027,
        "p50": 0.41377729177474976,
        "p95": 0.4150773584842682,
        "min": 0.30283792813618976,
        "max": 0.41522181034088135,
        "n": 3
      },
      "diversity_pass_rate": 1.0,
      "distinct_type_rate": 1.0,
      "method": "embedding",
      "latency": {
        "t_select": {
          "mean": 3.422237972030416,
          "p50": 0.06018808297812939,
          "p95": 9.145510558015665,
          "min": 0.05153500009328127,
          "max": 10.154990833019838,
          "n": 3
        },
        "t_generate": {
          "mean": 4.622804208348195,
          "p50": 2.699676000047475,
          "p95": 8.868372187460771,
          "min": 1.61495375004597,
          "max": 9.553782874951139,
          "n": 3
        },
        "t_total": {
          "mean": 8.04504218037861,
          "p50": 2.7512110001407564,
          "p95": 18.013017437187955,
          "min": 1.6751418330240995,
          "max": 19.708773707970977,
          "n": 3
        },
        "per_mentor": {
          "mean": 1.8493288380559534,
          "p50": 1.4666264578700066,
          "p95": 2.8972889001015574,
          "min": 0.9657660420052707,
          "max": 3.082594250096008,
          "n": 9
        }
      }
    },
    "2": {
      "n_trials": 3,
      "diversity": {
        "mean": 0.5085133777724372,
        "p50": 0.49334533015886944,
        "p95": 0.5822001914183299,
        "min": 0.44012184937795,
        "max": 0.5920729537804922,
        "n": 3
      },
      "diversity_pass_rate": 1.0,
      "distinct_type_rate": 1.0,
      "method": "embedding",
      "latency": {
        "t_select": {
          "mean": 0.04872184727961818,
          "p50": 0.04842791706323624,
          "p95": 0.05214206660166383,
          "min": 0.04518287489190698,
          "max": 0.05255474988371134,
          "n": 3
        },
        "t_generate": {
          "mean": 5.652953680216645,
          "p50": 5.32170470780693,
          "p95": 9.354465583222918,
          "min": 1.8346062079071999,
          "max": 9.802550124935806,
          "n": 3
        },
        "t_total": {
          "mean": 5.701675527496263,
          "p50": 5.370132624870166,
          "p95": 9.399972962331958,
          "min": 1.8871609577909112,
          "max": 9.847732999827713,
          "n": 3
        },
        "per_mentor": {
          "mean": 4.5165017591789365,
          "p50": 1.7358514580409974,
          "p95": 9.59392381682992,
          "min": 1.1095734590198845,
          "max": 9.665239084046334,
          "n": 9
        }
      }
    },
    "3": {
      "n_trials": 3,
      "diversity": {
        "mean": 0.33338091770807904,
        "p50": 0.32585803667704266,
        "p95": 0.3580525557200114,
        "min": 0.3126549919446309,
        "max": 0.3616297245025635,
        "n": 3
      },
      "diversity_pass_rate": 1.0,
      "distinct_type_rate": 1.0,
      "method": "embedding",
      "latency": {
        "t_select": {
          "mean": 0.05124626440616945,
          "p50": 0.045327542116865516,
          "p95": 0.0651126174023375,
          "min": 0.04110029200091958,
          "max": 0.06731095910072327,
          "n": 3
        },
        "t_generate": {
          "mean": 18.163004888687283,
          "p50": 18.575876666931435,
          "p95": 19.863399603962897,
          "min": 15.906680291052908,
          "max": 20.006457708077505,
          "n": 3
        },
        "t_total": {
          "mean": 18.214251153093453,
          "p50": 18.616976958932355,
          "p95": 19.928089496353643,
          "min": 15.952007833169773,
          "max": 20.07376866717823,
          "n": 3
        },
        "per_mentor": {
          "mean": 6.273922180420616,
          "p50": 6.458918916061521,
          "p95": 10.653611183399335,
          "min": 0.0,
          "max": 11.467584416968748,
          "n": 9
        }
      }
    },
    "4": {
      "n_trials": 3,
      "diversity": {
        "mean": 0.4340275062455072,
        "p50": 0.4377966324488322,
        "p95": 0.4603194097677867,
        "min": 0.40146394570668537,
        "max": 0.46282194058100384,
        "n": 3
      },
      "diversity_pass_rate": 1.0,
      "distinct_type_rate": 1.0,
      "method": "embedding",
      "latency": {
        "t_select": {
          "mean": 0.05167933297343552,
          "p50": 0.04491858300752938,
          "p95": 0.06687959532719105,
          "min": 0.04079970810562372,
          "max": 0.06931970780715346,
          "n": 3
        },
        "t_generate": {
          "mean": 12.860815194668248,
          "p50": 5.81404275004752,
          "p95": 27.033689250005406,
          "min": 3.376975083956495,
          "max": 29.39142775000073,
          "n": 3
        },
        "t_total": {
          "mean": 12.912494527641684,
          "p50": 5.883362457854673,
          "p95": 27.081047945492898,
          "min": 3.4177747920621186,
          "max": 29.43634633300826,
          "n": 3
        },
        "per_mentor": {
          "mean": 6.0860753380952195,
          "p50": 5.005282250000164,
          "p95": 13.618948758859183,
          "min": 3.070289541967213,
          "max": 18.864674292039126,
          "n": 9
        }
      }
    },
    "5": {
      "n_trials": 3,
      "diversity": {
        "mean": 0.4348989791340298,
        "p50": 0.4064560532569885,
        "p95": 0.4847973704338074,
        "min": 0.4047389229138692,
        "max": 0.4935019612312317,
        "n": 3
      },
      "diversity_pass_rate": 1.0,
      "distinct_type_rate": 1.0,
      "method": "embedding",
      "latency": {
        "t_select": {
          "mean": 0.052386166295036674,
          "p50": 0.04981420794501901,
          "p95": 0.06652623319532722,
          "min": 0.0389611660502851,
          "max": 0.06838312488980591,
          "n": 3
        },
        "t_generate": {
          "mean": 14.695297610946,
          "p50": 17.898025707807392,
          "p95": 18.582930733542888,
          "min": 7.528835833072662,
          "max": 18.659031291957945,
          "n": 3
        },
        "t_total": {
          "mean": 14.747683777241036,
          "p50": 17.936986873857677,
          "p95": 18.648371662548744,
          "min": 7.578650041017681,
          "max": 18.72741441684775,
          "n": 3
        },
        "per_mentor": {
          "mean": 5.417745754795356,
          "p50": 5.813621999928728,
          "p95": 7.642143233772367,
          "min": 0.0,
          "max": 7.808800166938454,
          "n": 9
        }
      }
    },
    "6": {
      "n_trials": 3,